;;;;;;;;;;;;;;
;;;;;;;;;;;;;;
Capital Cup 2015;MXO;XXX Amsterdam;4;Elly;Peters;F;1;XXX Amsterdam;5;3;Baden Banditos;Gold;Pool A;4
Capital Cup 2015;MXO;XXX Amsterdam;10;Bas (Tim);Pouw;M;2;XXX Amsterdam;5;3;Baden Banditos;Gold;Pool A;4
Capital Cup 2015;MXO;XXX Amsterdam;12;Arjen;Seffinga;M;;;;;;;;
Capital Cup 2015;MXO;XXX Amsterdam;5;Sara;Gibbins;F;;;;;;;;
Capital Cup 2015;MXO;XXX Amsterdam;3;Mariette;Bontkes;F;;;;;;;;
Capital Cup 2015;MXO;XXX Amsterdam;1;Aitana;Martinez;F;;;;;;;;
Capital Cup 2015;MXO;XXX Amsterdam;7;Benjamin;Van Bodegraven;M;;;;;;;;
Capital Cup 2015;MXO;XXX Amsterdam;8;Koenie;Malherebe;M;;;;;;;;
Capital Cup 2015;MXO;XXX Amsterdam;;Rafael;Fernandez Lopez;M;;;;;;;;
Capital Cup 2015;MXO;XXX Amsterdam;11;Luc;André;M;;;;;;;;
Capital Cup 2015;MXO;XXX Amsterdam;3;Mariette;Bontkes;F;1;XXX Amsterdam;4;10;JGA;Gold;Pool A;4
Capital Cup 2015;MXO;XXX Amsterdam;5;Sara;Gibbins;F;1;XXX Amsterdam;4;10;JGA;Gold;Pool A;4
Capital Cup 2015;MXO;XXX Amsterdam;7;Benjamin;Van Bodegraven;M;2;XXX Amsterdam;4;10;JGA;Gold;Pool A;4
Capital Cup 2015;MXO;XXX Amsterdam;3;Mariette;Bontkes;F;1;XXX Amsterdam;8;5;Dragoni Milano;Gold;Pool A;4
Capital Cup 2015;MXO;XXX Amsterdam;12;Arjen;Seffinga;M;2;XXX Amsterdam;8;5;Dragoni Milano;Gold;Pool A;4
Capital Cup 2015;MXO;XXX Amsterdam;7;Benjamin;Van Bodegraven;M;4;XXX Amsterdam;8;5;Dragoni Milano;Gold;Pool A;4
Capital Cup 2015;MXO;XXX Amsterdam;11;Luc;André;M;1;XXX Amsterdam;8;5;Dragoni Milano;Gold;Pool A;4
Capital Cup 2015;MXO;XXX Amsterdam;10;Bas (Tim);Pouw;M;1;XXX Amsterdam;3;8;Strasbourg;Gold;¼;2
Capital Cup 2015;MXO;XXX Amsterdam;11;Luc;André;M;1;XXX Amsterdam;1;7;Berlin;Silver;Semifinal;2
Capital Cup 2015;MXO;XXX Amsterdam;3;Mariette;Bontkes;F;1;XXX Amsterdam;2;7;Colonia;Silver;Third position;2
;;;;;;;;;;;;;;
;;;;;;;;;;;;;;
Capital Cup 2015;MXO;Baden Banditos;22;Andreas;Buri;M;2;Baden Banditos;3;5;XXX Amsterdam;Gold;Pool A;4
Capital Cup 2015;MXO;Baden Banditos;21;Earl-Jae;Tanoa;M;1;Baden Banditos;3;5;XXX Amsterdam;Gold;Pool A;4
Capital Cup 2015;MXO;Baden Banditos;6;Julia;Brüetsch;F;;;;;;;;
Capital Cup 2015;MXO;Baden Banditos;8;Melina;Zimmerli;F;;;;;;;;
Capital Cup 2015;MXO;Baden Banditos;15;John;Flood;M;;;;;;;;
Capital Cup 2015;MXO;Baden Banditos;4;Clau;Vargas;F;;;;;;;;
Capital Cup 2015;MXO;Baden Banditos;16;Joseph;Downing;M;;;;;;;;
Capital Cup 2015;MXO;Baden Banditos;3;Dermot;Hastings;M;;;;;;;;
Capital Cup 2015;MXO;Baden Banditos;13;Richard;Deverson;M;;;;;;;;
Capital Cup 2015;MXO;Baden Banditos;7;Felix;Grube;M;;;;;;;;
Capital Cup 2015;MXO;Baden Banditos;12;Fabienne;Tanoa;M;;;;;;;;
Capital Cup 2015;MXO;Baden Banditos;27;Jodee;Grand;M;;;;;;;;
Capital Cup 2015;MXO;Baden Banditos;1;Arahia;Burkhard;;;;;;;;;
Capital Cup 2015;MXO;Baden Banditos;14;Salim;Temtem;M;;;;;;;;
Capital Cup 2015;MXO;Baden Banditos;21;Earl-Jae;Tanoa;M;1;Baden Banditos;2;5;Dragoni Milano;Gold;Pool A;4
Capital Cup 2015;MXO;Baden Banditos;13;Richard;Deverson;M;1;Baden Banditos;2;5;Dragoni Milano;Gold;Pool A;4
Capital Cup 2015;MXO;Baden Banditos;22;Andreas;Buri;M;1;Baden Banditos;1;3;Turtleln Touch Modena;Bronze;½;2
Capital Cup 2015;MXO;Baden Banditos;1;Arahia;Burkhard;;1;Baden Banditos;7;4;Courant d'R;Wood;Semifinal;2
Capital Cup 2015;MXO;Baden Banditos;22;Andreas;Buri;M;1;Baden Banditos;7;4;Courant d'R;Wood;Semifinal;2
Capital Cup 2015;MXO;Baden Banditos;21;Earl-Jae;Tanoa;M;1;Baden Banditos;7;4;Courant d'R;Wood;Semifinal;2
Capital Cup 2015;MXO;Baden Banditos;8;Melina;Zimmerli;F;1;Baden Banditos;7;4;Courant d'R;Wood;Semifinal;2
Capital Cup 2015;MXO;Baden Banditos;12;Fabienne;Tanoa;M;1;Baden Banditos;7;4;Courant d'R;Wood;Semifinal;2
Capital Cup 2015;MXO;Baden Banditos;22;Andreas;Buri;M;3;Baden Banditos;3;6;Lokomotive Wien;Wood;Final;2
;;;;;;;;;;;;;;
;;;;;;;;;;;;;;
Capital Cup 2015;MXO;JGA;11;Dominic;Page;M;2;JGA;7;4;Dragoni Milano;Gold;Pool A;4
Capital Cup 2015;MXO;JGA;;Derrick;Cant;M;2;JGA;7;4;Dragoni Milano;Gold;Pool A;4
Capital Cup 2015;MXO;JGA;;Laura;Mittchell;F;1;JGA;7;4;Dragoni Milano;Gold;Pool A;4
Capital Cup 2015;MXO;JGA;6;Fae;Clerey;;1;JGA;7;4;Dragoni Milano;Gold;Pool A;4
Capital Cup 2015;MXO;JGA;2;Rebekah;Fant;F;1;JGA;7;4;Dragoni Milano;Gold;Pool A;4
Capital Cup 2015;MXO;JGA;;Richard;Perrio;M;;;;;;;;
Capital Cup 2015;MXO;JGA;;Matt;Brehaut;M;;;;;;;;
Capital Cup 2015;MXO;JGA;;Luke;Gardner;M;;;;;;;;
Capital Cup 2015;MXO;JGA;;Mel;Jimenez;;;;;;;;;
Capital Cup 2015;MXO;JGA;;Katie;Anderson;F;;;;;;;;
Capital Cup 2015;MXO;JGA;;Lucy;Ferrin;F;;;;;;;;
Capital Cup 2015;MXO;JGA;11;Dominic;Page;M;1;JGA;10;4;XXX Amsterdam;Gold;Pool A;4
Capital Cup 2015;MXO;JGA;;Richard;Perrio;M;2;JGA;10;4;XXX Amsterdam;Gold;Pool A;4
Capital Cup 2015;MXO;JGA;;Matt;Brehaut;M;3;JGA;10;4;XXX Amsterdam;Gold;Pool A;4
Capital Cup 2015;MXO;JGA;;Laura;Mittchell;F;1;JGA;10;4;XXX Amsterdam;Gold;Pool A;4
Capital Cup 2015;MXO;JGA;;Mel;Jimenez;F;2;JGA;10;4;XXX Amsterdam;Gold;Pool A;4
Capital Cup 2015;MXO;JGA;;Katie;Anderson;F;1;JGA;10;4;XXX Amsterdam;Gold;Pool A;4
Capital Cup 2015;MXO;JGA;11;Dominic;Page;M;2;JGA;9;0;Baden Banditos;Gold;Pool A;4
Capital Cup 2015;MXO;JGA;;Richard;Perrio;M;1;JGA;9;0;Baden Banditos;Gold;Pool A;4
Capital Cup 2015;MXO;JGA;;Matt;Brehaut;M;1;JGA;9;0;Baden Banditos;Gold;Pool A;4
Capital Cup 2015;MXO;JGA;;Derrick;Cant;M;3;JGA;9;0;Baden Banditos;Gold;Pool A;4
Capital Cup 2015;MXO;JGA;6;Fae;Clerey;;1;JGA;9;0;Baden Banditos;Gold;Pool A;4
Capital Cup 2015;MXO;JGA;;Mel;Jimenez;;1;JGA;9;0;Baden Banditos;Gold;Pool A;4
Capital Cup 2015;MXO;JGA;;Lucy;Ferrin;F;1;JGA;9;0;Baden Banditos;Gold;Pool A;4
Capital Cup 2015;MXO;JGA;2;Rebekah;Fant;F;1;JGA;5;3;Munich;Gold;½;2
Capital Cup 2015;MXO;JGA;;Matt;Brehaut;M;2;JGA;5;3;Munich;Gold;½;2
Capital Cup 2015;MXO;JGA;;Derrick;Cant;M;2;JGA;5;3;Munich;Gold;½;2
Capital Cup 2015;MXO;JGA;11;Dominic;Page;M;1;JGA;3;2;Frankfurt;Gold;Semifinal;2
Capital Cup 2015;MXO;JGA;6;Fae;Clerey;;1;JGA;3;2;Frankfurt;Gold;Semifinal;2
Capital Cup 2015;MXO;JGA;11;Dominic;Page;M;1;JGA;2;7;New Orleans Fluffy Dragons;Gold;Final;2
Capital Cup 2015;MXO;JGA;6;Fae;Clerey;;1;JGA;2;7;New Orleans Fluffy Dragons;Gold;Final;2
;;;;;;;;;;;;;;
;;;;;;;;;;;;;;
Capital Cup 2015;MXO;Dragoni Milano;75;Giuseppe;Palma;M;1;Dragoni Milano;4;7;JGA;Gold;Pool A;4
Capital Cup 2015;MXO;Dragoni Milano;19;Erik;Ripamonti;M;1;Dragoni Milano;4;7;JGA;Gold;Pool A;4
Capital Cup 2015;MXO;Dragoni Milano;20;Giacomo;Allaria;M;2;Dragoni Milano;4;7;JGA;Gold;Pool A;4
Capital Cup 2015;MXO;Dragoni Milano;93;Francesca;Schianini;F;;;;;;;;
Capital Cup 2015;MXO;Dragoni Milano;77;Leon;Prete;M;;;;;;;;
Capital Cup 2015;MXO;Dragoni Milano;6;Sveva;Scarioni;F;;;;;;;;
Capital Cup 2015;MXO;Dragoni Milano;23;Lorenzo;Brancale;M;;;;;;;;
Capital Cup 2015;MXO;Dragoni Milano;0;Sara;Gorietti;M;;;;;;;;
Capital Cup 2015;MXO;Dragoni Milano;13;Giuseppe;Donadono;M;;;;;;;;
Capital Cup 2015;MXO;Dragoni Milano;9;Valentina;Petracca;F;;;;;;;;
Capital Cup 2015;MXO;Dragoni Milano;50;Elisabetta;Allaria;F;;;;;;;;
Capital Cup 2015;MXO;Dragoni Milano;;Rosangela;Rossi;F;;;;;;;;
Capital Cup 2015;MXO;Dragoni Milano;10;Loris;Rapetti;M;;;;;;;;
Capital Cup 2015;MXO;Dragoni Milano;20;Giacomo;Allaria;M;1;Dragoni Milano;5;2;Baden Banditos;Gold;Pool A;4
Capital Cup 2015;MXO;Dragoni Milano;19;Erik;Ripamonti;M;1;Dragoni Milano;5;2;Baden Banditos;Gold;Pool A;4
Capital Cup 2015;MXO;Dragoni Milano;13;Giuseppe;Donadono;M;1;Dragoni Milano;5;2;Baden Banditos;Gold;Pool A;4
Capital Cup 2015;MXO;Dragoni Milano;75;Giuseppe;Palma;M;1;Dragoni Milano;5;2;Baden Banditos;Gold;Pool A;4
Capital Cup 2015;MXO;Dragoni Milano;20;Giacomo;Allaria;M;4;Dragoni Milano;5;8;XXX Amsterdam;Gold;Pool A;4
Capital Cup 2015;MXO;Dragoni Milano;75;Giuseppe;Palma;M;1;Dragoni Milano;5;8;XXX Amsterdam;Gold;Pool A;4
Capital Cup 2015;MXO;Dragoni Milano;20;Giacomo;Allaria;M;2;Dragoni Milano;4;1;BRC Bears;Bronze;½;2
Capital Cup 2015;MXO;Dragoni Milano;20;Giacomo;Allaria;M;4;Dragoni Milano;4;3;Hamburg;Bronze;Semifinal;2
Capital Cup 2015;MXO;Dragoni Milano;20;Giacomo;Allaria;M;2;Dragoni Milano;3;2;Turtleln Touch Modena;Bronze;Final;2
Capital Cup 2015;MXO;Dragoni Milano;77;Leon;Prete;M;1;Dragoni Milano;3;2;Turtleln Touch Modena;Bronze;Final;2
;;;;;;;;;;;;;;
;;;;;;;;;;;;;;
;;;;;;;;;;;;;;
Capital Cup 2015;MXO;Berlin;20;Jacopo;Ghisolfi;M;1;Berlin;9;1;Courant d'R;Gold;Pool C;4
Capital Cup 2015;MXO;Berlin;10;Andrew;Davis;M;3;Berlin;9;1;Courant d'R;Gold;Pool C;4
Capital Cup 2015;MXO;Berlin;14;Matthis;Birkhaus;M;2;Berlin;9;1;Courant d'R;Gold;Pool C;4
Capital Cup 2015;MXO;Berlin;3;Emily;Lux;F;1;Berlin;9;1;Courant d'R;Gold;Pool C;4
Capital Cup 2015;MXO;Berlin;16;Christophe;Lafourcade;M;1;Berlin;9;1;Courant d'R;Gold;Pool C;4
Capital Cup 2015;MXO;Berlin;30;Morgan;Terry;F;1;Berlin;9;1;Courant d'R;Gold;Pool C;4
Capital Cup 2015;MXO;Berlin;9;Hannes;Will;M;;;;;;;;
Capital Cup 2015;MXO;Berlin;7;Mark;Hansen;M;;;;;;;;
Capital Cup 2015;MXO;Berlin;4;Sophia;Davis;F;;;;;;;;
Capital Cup 2015;MXO;Berlin;28;Rachel;Collins;F;;;;;;;;
Capital Cup 2015;MXO;Berlin;;Kristin;Penning;F;;;;;;;;
Capital Cup 2015;MXO;Berlin;16;Christophe;Lafourcade;M;1;Berlin;5;7;Frankfurt;Gold;Pool C;4
Capital Cup 2015;MXO;Berlin;10;Andrew;Davis;M;2;Berlin;5;7;Frankfurt;Gold;Pool C;4
Capital Cup 2015;MXO;Berlin;28;Rachel;Collins;F;1;Berlin;5;7;Frankfurt;Gold;Pool C;4
Capital Cup 2015;MXO;Berlin;16;Christophe;Lafourcade;M;1;Berlin;8;0;Lokomotive Wien;Gold;Pool C;4
Capital Cup 2015;MXO;Berlin;10;Andrew;Davis;M;5;Berlin;8;0;Lokomotive Wien;Gold;Pool C;4
Capital Cup 2015;MXO;Berlin;;Kristin;Penning;F;1;Berlin;8;0;Lokomotive Wien;Gold;Pool C;4
Capital Cup 2015;MXO;Berlin;3;Emily;Lux;F;1;Berlin;8;0;Lokomotive Wien;Gold;Pool C;4
Capital Cup 2015;MXO;Berlin;28;Rachel;Collins;F;2;Berlin;3;5;New Orleans Fluffy Dragons;Gold;¼;2
Capital Cup 2015;MXO;Berlin;9;Hannes;Will;M;1;Berlin;3;5;New Orleans Fluffy Dragons;Gold;¼;2
Capital Cup 2015;MXO;Berlin;16;Christophe;Lafourcade;M;2;Berlin;7;1;XXX Amsterdam;Silver;Semifinal;2
Capital Cup 2015;MXO;Berlin;10;Andrew;Davis;M;1;Berlin;7;1;XXX Amsterdam;Silver;Semifinal;2
Capital Cup 2015;MXO;Berlin;9;Hannes;Will;M;1;Berlin;7;1;XXX Amsterdam;Silver;Semifinal;2
Capital Cup 2015;MXO;Berlin;28;Rachel;Collins;F;1;Berlin;7;1;XXX Amsterdam;Silver;Semifinal;2
Capital Cup 2015;MXO;Berlin;16;Christophe;Lafourcade;M;1;Berlin;7;2;Munich;Silver;Final;2
Capital Cup 2015;MXO;Berlin;10;Andrew;Davis;M;2;Berlin;7;2;Munich;Silver;Final;2
Capital Cup 2015;MXO;Berlin;14;Matthis;Birkhaus;M;1;Berlin;7;2;Munich;Silver;Final;2
Capital Cup 2015;MXO;Berlin;20;Jacopo;Ghisolfi;M;1;Berlin;7;2;Munich;Silver;Final;2
;;;;;;;;;;;;;;
;;;;;;;;;;;;;;
;;;;;;;;;;;;;;
Capital Cup 2015;MXO;Courant d'R;24;Francois;Bernard;M;;;;;;;;
Capital Cup 2015;MXO;Courant d'R;11;Aube;Charras;F;;;;;;;;
Capital Cup 2015;MXO;Courant d'R;7;Kate;Martinez;F;;;;;;;;
Capital Cup 2015;MXO;Courant d'R;21;Axelle;Schaal;;;;;;;;;
Capital Cup 2015;MXO;Courant d'R;12;Pauline;Giboin;F;;;;;;;;
Capital Cup 2015;MXO;Courant d'R;33;Jean-Michael;Granet;M;;;;;;;;
Capital Cup 2015;MXO;Courant d'R;20;Romain;Grohier;M;;;;;;;;
Capital Cup 2015;MXO;Courant d'R;30;Mikael;Gros;M;;;;;;;;
Capital Cup 2015;MXO;Courant d'R;27;Julien;Amiot;;;;;;;;;
Capital Cup 2015;MXO;Courant d'R;7;Kate;Martinez;F;1;Courant d'R;2;3;Lokomotive Wien;Gold;Pool C;4
Capital Cup 2015;MXO;Courant d'R;20;Romain;Grohier;M;1;Courant d'R;2;3;Lokomotive Wien;Gold;Pool C;4
Capital Cup 2015;MXO;Courant d'R;24;Francois;Bernard;M;1;Courant d'R;1;8;Frankfurt;Gold;Pool C;4
Capital Cup 2015;MXO;Courant d'R;21;Axelle;Schaal;;1;Courant d'R;4;7;Baden Banditos;Wood;Semifinal;2
Capital Cup 2015;MXO;Courant d'R;7;Kate;Martinez;F;1;Courant d'R;4;7;Baden Banditos;Wood;Semifinal;2
Capital Cup 2015;MXO;Courant d'R;12;Pauline;Giboin;F;1;Courant d'R;4;7;Baden Banditos;Wood;Semifinal;2
Capital Cup 2015;MXO;Courant d'R;33;Jean-Michael;Granet;M;1;Courant d'R;4;2;BRC Bears;Wood;Third position;2
Capital Cup 2015;MXO;Courant d'R;21;Axelle;Schaal;;1;Courant d'R;4;2;BRC Bears;Wood;Third position;2
;;;;;;;;;;;;;;
;;;;;;;;;;;;;;
Capital Cup 2015;MXO;Turtleln Touch Modena;22;Stefania;Melzani;F;1;Turtleln Touch Modena;5;3;BRC Bears;Gold;Pool D;4
Capital Cup 2015;MXO;Turtleln Touch Modena;11;Giulio;Benatti;M;1;Turtleln Touch Modena;5;3;BRC Bears;Gold;Pool D;4
Capital Cup 2015;MXO;Turtleln Touch Modena;12;Giacomo;Genesini;M;1;Turtleln Touch Modena;5;3;BRC Bears;Gold;Pool D;4
Capital Cup 2015;MXO;Turtleln Touch Modena;4;Cristian;Spadoni;M;1;Turtleln Touch Modena;5;3;BRC Bears;Gold;Pool D;4
Capital Cup 2015;MXO;Turtleln Touch Modena;13;Nicola;Paradiso;M;1;Turtleln Touch Modena;5;3;BRC Bears;Gold;Pool D;4
Capital Cup 2015;MXO;Turtleln Touch Modena;;Kimberly Sidor;Rose;F;;;;;;;;
Capital Cup 2015;MXO;Turtleln Touch Modena;;Davide;Zine;M;;;;;;;;
Capital Cup 2015;MXO;Turtleln Touch Modena;;Simone;Luppi;F;;;;;;;;
Capital Cup 2015;MXO;Turtleln Touch Modena;;Elisabetta;Lucchini;F;;;;;;;;
Capital Cup 2015;MXO;Turtleln Touch Modena;;Letizia;Cassinadri;F;;;;;;;;
Capital Cup 2015;MXO;Turtleln Touch Modena;;Francesco;Testa;M;;;;;;;;
Capital Cup 2015;MXO;Turtleln Touch Modena;;Davide;Lofaro;M;;;;;;;;
Capital Cup 2015;MXO;Turtleln Touch Modena;;Letizia;Cassinadri;F;2;Turtleln Touch Modena;3;4;Munich;Gold;Pool D;4
Capital Cup 2015;MXO;Turtleln Touch Modena;;Davide;Zine;M;1;Turtleln Touch Modena;3;4;Munich;Gold;Pool D;4
Capital Cup 2015;MXO;Turtleln Touch Modena;22;Stefania;Melzani;F;1;Turtleln Touch Modena;5;5;Strasbourg;Gold;Pool D;4
Capital Cup 2015;MXO;Turtleln Touch Modena;11;Giulio;Benatti;M;1;Turtleln Touch Modena;5;5;Strasbourg;Gold;Pool D;4
;;;;;;;;;;;;;;
;;;;;;;;;;;;;;
;;;;;;;;;;;;;;
Capital Cup 2015;MXO;BRC Bears;11;Katharina;Urban;F;;;;;;;;
Capital Cup 2015;MXO;BRC Bears;9;Ulrike;Heller;F;;;;;;;;
Capital Cup 2015;MXO;BRC Bears;10;Selim;Yürgüc;M;;;;;;;;
Capital Cup 2015;MXO;BRC Bears;19;Lukas;M.;M;;;;;;;;
Capital Cup 2015;MXO;BRC Bears;14;Lukas;W.;M;;;;;;;;
Capital Cup 2015;MXO;BRC Bears;41;Tino;;M;;;;;;;;
Capital Cup 2015;MXO;BRC Bears;13;Silvio;;M;;;;;;;;
Capital Cup 2015;MXO;BRC Bears;26;Felix;Pfisterer;M;;;;;;;;
Capital Cup 2015;MXO;BRC Bears;22;Aaron;Herrera;M;;;;;;;;
Capital Cup 2015;MXO;BRC Bears;17;Chris;Differ;M;;;;;;;;
Capital Cup 2015;MXO;BRC Bears;36;Klemens;;M;;;;;;;;
Capital Cup 2015;MXO;BRC Bears;7;Urs;Seelachs;M;;;;;;;;
Capital Cup 2015;MXO;BRC Bears;17;Sven;;M;;;;;;;;
Capital Cup 2015;MXO;BRC Bears;21;Lisa;Budzynski;F;;;;;;;;
Capital Cup 2015;MXO;BRC Bears;13;Silvio;;M;2;BRC Bears;3;13;Strasbourg;Gold;Pool D;4
Capital Cup 2015;MXO;BRC Bears;21;Lisa;Budzynski;F;1;BRC Bears;3;13;Strasbourg;Gold;Pool D;4
Capital Cup 2015;MXO;BRC Bears;19;Lukas;M.;M;1;BRC Bears;2;7;Munich;Gold;Pool D;4
Capital Cup 2015;MXO;BRC Bears;17;Chris;Differ;M;1;BRC Bears;2;7;Munich;Gold;Pool D;4
Capital Cup 2015;MXO;BRC Bears;22;Aaron;Herrera;M;1;BRC Bears;1;4;Dragoni Milano;Bronze;¼;2
Capital Cup 2015;MXO;BRC Bears;13;Silvio;;M;1;BRC Bears;3;6;Lokomotive Wien;Wood;Semifinal;2
Capital Cup 2015;MXO;BRC Bears;9;Ulrike;Heller;F;1;BRC Bears;3;6;Lokomotive Wien;Wood;Semifinal;2
Capital Cup 2015;MXO;BRC Bears;11;Katharina;Urban;F;1;BRC Bears;3;6;Lokomotive Wien;Wood;Semifinal;2
Capital Cup 2015;MXO;BRC Bears;11;Katharina;Urban;F;1;BRC Bears;2;4;Courant d'R;Wood;Third position;2
Capital Cup 2015;MXO;BRC Bears;26;Felix;Pfisterer;M;1;BRC Bears;2;4;Courant d'R;Wood;Third position;2
;;;;;;;;;;;;;;
;;;;;;;;;;;;;;
Capital Cup 2015;MXO;Munich;;Stefan;Breitschuh;M;1;Munich;3;5;Strasbourg;Gold;Pool D;4
Capital Cup 2015;MXO;Munich;10;Svenja;Gellert;F;1;Munich;3;5;Strasbourg;Gold;Pool D;4
Capital Cup 2015;MXO;Munich;4;Jonathan;Pengelly;M;1;Munich;3;5;Strasbourg;Gold;Pool D;4
Capital Cup 2015;MXO;Munich;6;Lok Man;Ho;M;;;;;;;;
Capital Cup 2015;MXO;Munich;;Ricardo;de Castro;M;;;;;;;;
Capital Cup 2015;MXO;Munich;4;Jonathan;Pengelly;M;;;;;;;;
Capital Cup 2015;MXO;Munich;9;Nikolay;Landjev;M;;;;;;;;
Capital Cup 2015;MXO;Munich;12;Eva;Grüne;F;;;;;;;;
Capital Cup 2015;MXO;Munich;27;Patrick;Chambers;M;;;;;;;;
Capital Cup 2015;MXO;Munich;7;Christina;Spindler;F;;;;;;;;
Capital Cup 2015;MXO;Munich;13;Astrid;Wiik;F;;;;;;;;
Capital Cup 2015;MXO;Munich;;Ian;Christal;M;;;;;;;;
Capital Cup 2015;MXO;Munich;4;Jonathan;Pengelly;M;1;Munich;4;3;Turtleln Touch Modena;Gold;Pool D;4
Capital Cup 2015;MXO;Munich;10;Svenja;Gellert;F;1;Munich;4;3;Turtleln Touch Modena;Gold;Pool D;4
Capital Cup 2015;MXO;Munich;9;Nikolay;Landjev;M;1;Munich;4;3;Turtleln Touch Modena;Gold;Pool D;4
Capital Cup 2015;MXO;Munich;6;Lok Man;Ho;M;1;Munich;7;2;BRC Bears;Gold;Pool D;4
Capital Cup 2015;MXO;Munich;10;Svenja;Gellert;F;1;Munich;7;2;BRC Bears;Gold;Pool D;4
Capital Cup 2015;MXO;Munich;4;Jonathan;Pengelly;M;1;Munich;7;2;BRC Bears;Gold;Pool D;4
Capital Cup 2015;MXO;Munich;27;Patrick;Chambers;M;2;Munich;7;2;BRC Bears;Gold;Pool D;4
Capital Cup 2015;MXO;Munich;7;Christina;Spindler;F;1;Munich;7;2;BRC Bears;Gold;Pool D;4
Capital Cup 2015;MXO;Munich;13;Astrid;Wiik;F;1;Munich;7;2;BRC Bears;Gold;Pool D;4
Capital Cup 2015;MXO;Munich;6;Lok Man;Ho;M;1;Munich;3;5;JGA;Gold;¼;2
Capital Cup 2015;MXO;Munich;10;Svenja;Gellert;F;1;Munich;3;5;JGA;Gold;¼;2
Capital Cup 2015;MXO;Munich;4;Jonathan;Pengelly;M;1;Munich;3;5;JGA;Gold;¼;2
Capital Cup 2015;MXO;Munich;9;Nikolay;Landjev;M;1;Munich;3;5;JGA;Gold;¼;2
Capital Cup 2015;MXO;Munich;10;Svenja;Gellert;F;2;Munich;5;2;Colonia;Silver;Semifinal;2
Capital Cup 2015;MXO;Munich;4;Jonathan;Pengelly;M;1;Munich;5;2;Colonia;Silver;Semifinal;2
Capital Cup 2015;MXO;Munich;;Ricardo;de Castro;M;1;Munich;5;2;Colonia;Silver;Semifinal;2
Capital Cup 2015;MXO;Munich;27;Patrick;Chambers;M;2;Munich;2;7;Berlin;Silver;Final;2
;;;;;;;;;;;;;;
;;;;;;;;;;;;;;
;;;;;;;;;;;;;;
;;;;;;;;;;;;;;
;;;;;;;;;;;;;;
Capital Cup 2015;MXO;Strasbourg;;Stéphanie;Laurichese;F;;;;;;;;
Capital Cup 2015;MXO;Strasbourg;;Claire;Perrot;F;;;;;;;;
Capital Cup 2015;MXO;Strasbourg;;Céline;Veit;F;;;;;;;;
Capital Cup 2015;MXO;Strasbourg;;Tricia;Hartmann;F;;;;;;;;
Capital Cup 2015;MXO;Strasbourg;;Alix;Scheer;F;;;;;;;;
Capital Cup 2015;MXO;Strasbourg;;Frédéric;Ramus;M;;;;;;;;
Capital Cup 2015;MXO;Strasbourg;;Pascal;Blanc;M;;;;;;;;
Capital Cup 2015;MXO;Strasbourg;;Stéphane;Jung;M;;;;;;;;
Capital Cup 2015;MXO;Strasbourg;;Gareth;Whomsley;M;;;;;;;;
Capital Cup 2015;MXO;Strasbourg;;Quentin;Roenstiehl;M;;;;;;;;
;;;;;;;;;;;;;;
;;;;;;;;;;;;;;
;;;;;;;;;;;;;;
Capital Cup 2015;MXO;Frankfurt;8;Jörg;Schlossmacher;M;2;Frankfurt;9;1;Lokomotive Wien;Gold;Pool C;4
Capital Cup 2015;MXO;Frankfurt;9;Matt;Elliot;M;2;Frankfurt;9;1;Lokomotive Wien;Gold;Pool C;4
Capital Cup 2015;MXO;Frankfurt;7;Florian;Teatiu;M;1;Frankfurt;9;1;Lokomotive Wien;Gold;Pool C;4
Capital Cup 2015;MXO;Frankfurt;13;Benjamin;Edwards;M;2;Frankfurt;9;1;Lokomotive Wien;Gold;Pool C;4
Capital Cup 2015;MXO;Frankfurt;12;Lisa;T U;F;1;Frankfurt;9;1;Lokomotive Wien;Gold;Pool C;4
Capital Cup 2015;MXO;Frankfurt;14;Alexandra;McOnie;F;1;Frankfurt;9;1;Lokomotive Wien;Gold;Pool C;4
Capital Cup 2015;MXO;Frankfurt;16;Simi;Hebeon;M;;;;;;;;
Capital Cup 2015;MXO;Frankfurt;21;Euan;Taylor;M;;;;;;;;
Capital Cup 2015;MXO;Frankfurt;15;Alex;Ibbett;M;;;;;;;;
Capital Cup 2015;MXO;Frankfurt;2;Alexandra;Ils;F;;;;;;;;
Capital Cup 2015;MXO;Frankfurt;4;Annie;Ueyama;F;;;;;;;;
Capital Cup 2015;MXO;Frankfurt;8;Jörg;Schlossmacher;M;1;Frankfurt;7;5;Berlin;Gold;Pool C;4
Capital Cup 2015;MXO;Frankfurt;9;Matt;Elliot;M;3;Frankfurt;7;5;Berlin;Gold;Pool C;4
Capital Cup 2015;MXO;Frankfurt;7;Florian;Teatiu;M;2;Frankfurt;7;5;Berlin;Gold;Pool C;4
Capital Cup 2015;MXO;Frankfurt;13;Benjamin;Edwards;M;1;Frankfurt;7;5;Berlin;Gold;Pool C;4
Capital Cup 2015;MXO;Frankfurt;8;Jörg;Schlossmacher;M;2;Frankfurt;8;1;Courant d'R;Gold;Pool C;4
Capital Cup 2015;MXO;Frankfurt;12;Lisa;T U;F;1;Frankfurt;8;1;Courant d'R;Gold;Pool C;4
Capital Cup 2015;MXO;Frankfurt;14;Alexandra;McOnie;F;1;Frankfurt;8;1;Courant d'R;Gold;Pool C;4
Capital Cup 2015;MXO;Frankfurt;7;Florian;Teatiu;M;1;Frankfurt;8;1;Courant d'R;Gold;Pool C;4
Capital Cup 2015;MXO;Frankfurt;9;Matt;Elliot;M;1;Frankfurt;8;1;Courant d'R;Gold;Pool C;4
Capital Cup 2015;MXO;Frankfurt;13;Benjamin;Edwards;M;1;Frankfurt;8;1;Courant d'R;Gold;Pool C;4
Capital Cup 2015;MXO;Frankfurt;14;Alexandra;McOnie;F;1;Frankfurt;7;5;Colonia;Gold;¼;2
Capital Cup 2015;MXO;Frankfurt;16;Simi;Hebeon;M;1;Frankfurt;7;5;Colonia;Gold;¼;2
Capital Cup 2015;MXO;Frankfurt;4;Annie;Ueyama;F;2;Frankfurt;7;5;Colonia;Gold;¼;2
Capital Cup 2015;MXO;Frankfurt;7;Florian;Teatiu;M;1;Frankfurt;7;5;Colonia;Gold;¼;2
Capital Cup 2015;MXO;Frankfurt;13;Benjamin;Edwards;M;1;Frankfurt;7;5;Colonia;Gold;¼;2
Capital Cup 2015;MXO;Frankfurt;9;Matt;Elliot;M;1;Frankfurt;7;5;Colonia;Gold;¼;2
Capital Cup 2015;MXO;Frankfurt;13;Benjamin;Edwards;M;3;Frankfurt;7;6;Strasbourg;Gold;Third position;2
Capital Cup 2015;MXO;Frankfurt;9;Matt;Elliot;M;2;Frankfurt;7;6;Strasbourg;Gold;Third position;2
Capital Cup 2015;MXO;Frankfurt;4;Annie;Ueyama;F;1;Frankfurt;7;6;Strasbourg;Gold;Third position;2
;;;;;;;;;;;;;;
;;;;;;;;;;;;;;
;;;;;;;;;;;;;;
;;;;;;;;;;;;;;
Capital Cup 2015;MXO;Lokomotive Wien;6;Miriam;Smith;F;1;Lokomotive Wien;1;9;Frankfurt;Gold;Pool C;4
Capital Cup 2015;MXO;Lokomotive Wien;1;Jakob;Ziebermayr;M;;;;;;;;
Capital Cup 2015;MXO;Lokomotive Wien;57;Andreas;Kaltenbäck;M;;;;;;;;
Capital Cup 2015;MXO;Lokomotive Wien;11;Andreas;Bilgeri;M;;;;;;;;
Capital Cup 2015;MXO;Lokomotive Wien;99;Hans-Peter;Höllweth;M;;;;;;;;
Capital Cup 2015;MXO;Lokomotive Wien;7;Jean-Pierre;Decouzon;M;;;;;;;;
Capital Cup 2015;MXO;Lokomotive Wien;8;Isabel;Antes;F;;;;;;;;
Capital Cup 2015;MXO;Lokomotive Wien;2;Lan;Kroeger;F;;;;;;;;
Capital Cup 2015;MXO;Lokomotive Wien;3;Stephanie;Kovero;F;;;;;;;;
Capital Cup 2015;MXO;Lokomotive Wien;4;Alex;Hög;M;;;;;;;;
Capital Cup 2015;MXO;Lokomotive Wien;14;Jerome ;Ilzer;M;;;;;;;;
Capital Cup 2015;MXO;Lokomotive Wien;99;Hans-Peter;Höllweth;M;1;Lokomotive Wien;3;2;Courant d'R;Gold;Pool C;4
Capital Cup 2015;MXO;Lokomotive Wien;6;Miriam;Smith;F;2;Lokomotive Wien;3;2;Courant d'R;Gold;Pool C;4
Capital Cup 2015;MXO;Lokomotive Wien;2;Lan;Kroeger;F;1;Lokomotive Wien;2;5;Hamburg;Bronze;¼;2
Capital Cup 2015;MXO;Lokomotive Wien;6;Miriam;Smith;F;1;Lokomotive Wien;6;3;BRC Bears;Wood;Semifinal;2
Capital Cup 2015;MXO;Lokomotive Wien;1;Jakob;Ziebermayr;M;1;Lokomotive Wien;6;3;BRC Bears;Wood;Semifinal;2
Capital Cup 2015;MXO;Lokomotive Wien;14;Jerome ;Ilzer;M;1;Lokomotive Wien;6;3;BRC Bears;Wood;Semifinal;2
Capital Cup 2015;MXO;Lokomotive Wien;1;Jakob;Ziebermayr;M;2;Lokomotive Wien;6;3;Baden Banditos;Wood;Final;2
Capital Cup 2015;MXO;Lokomotive Wien;99;Hans-Peter;Höllweth;M;3;Lokomotive Wien;6;3;Baden Banditos;Wood;Final;2
Capital Cup 2015;MXO;Lokomotive Wien;2;Lan;Kroeger;F;1;Lokomotive Wien;6;3;Baden Banditos;Wood;Final;2
;;;;;;;;;;;;;;
;;;;;;;;;;;;;;
;;;;;;;;;;;;;;
;;;;;;;;;;;;;;
Capital Cup 2015;MXO;New Orleans Fluffy Dragons;2;Eden;Black;M;3;New Orleans Fluffy Dragons;5;4;Colonia;Gold;Pool B;4
Capital Cup 2015;MXO;New Orleans Fluffy Dragons;11;Hester;Williams;F;1;New Orleans Fluffy Dragons;5;4;Colonia;Gold;Pool B;4
Capital Cup 2015;MXO;New Orleans Fluffy Dragons;19;Caro;Nota;F;1;New Orleans Fluffy Dragons;5;4;Colonia;Gold;Pool B;4
Capital Cup 2015;MXO;New Orleans Fluffy Dragons;13;Paul;Black;M;;;;;;;;
Capital Cup 2015;MXO;New Orleans Fluffy Dragons;3;Jon;MacDonald;M;;;;;;;;
Capital Cup 2015;MXO;New Orleans Fluffy Dragons;9;Yofi;Inja;M;;;;;;;;
Capital Cup 2015;MXO;New Orleans Fluffy Dragons;8;Adrian;Williams;M;;;;;;;;
Capital Cup 2015;MXO;New Orleans Fluffy Dragons;1;Claudine;Van Diemen;F;;;;;;;;
Capital Cup 2015;MXO;New Orleans Fluffy Dragons;7;Hester;Kannamuller;F;;;;;;;;
Capital Cup 2015;MXO;New Orleans Fluffy Dragons;4;Jerry;Van Dijk;M;;;;;;;;
Capital Cup 2015;MXO;New Orleans Fluffy Dragons;2;Eden;Black;M;2;New Orleans Fluffy Dragons;10;3;Basel;Gold;Pool B;4
Capital Cup 2015;MXO;New Orleans Fluffy Dragons;3;Jon;MacDonald;M;3;New Orleans Fluffy Dragons;10;3;Basel;Gold;Pool B;4
Capital Cup 2015;MXO;New Orleans Fluffy Dragons;8;Adrian;Williams;M;2;New Orleans Fluffy Dragons;10;3;Basel;Gold;Pool B;4
Capital Cup 2015;MXO;New Orleans Fluffy Dragons;11;Hester;Williams;F;2;New Orleans Fluffy Dragons;10;3;Basel;Gold;Pool B;4
Capital Cup 2015;MXO;New Orleans Fluffy Dragons;7;Hester;Kannamuller;F;1;New Orleans Fluffy Dragons;10;3;Basel;Gold;Pool B;4
Capital Cup 2015;MXO;New Orleans Fluffy Dragons;2;Eden;Black;M;3;New Orleans Fluffy Dragons;13;2;Hamburg;Gold;Pool B;4
Capital Cup 2015;MXO;New Orleans Fluffy Dragons;3;Jon;MacDonald;M;3;New Orleans Fluffy Dragons;13;2;Hamburg;Gold;Pool B;4
Capital Cup 2015;MXO;New Orleans Fluffy Dragons;8;Adrian;Williams;M;2;New Orleans Fluffy Dragons;13;2;Hamburg;Gold;Pool B;4
Capital Cup 2015;MXO;New Orleans Fluffy Dragons;19;Caro;Nota;F;2;New Orleans Fluffy Dragons;13;2;Hamburg;Gold;Pool B;4
Capital Cup 2015;MXO;New Orleans Fluffy Dragons;4;Jerry;Van Dijk;M;2;New Orleans Fluffy Dragons;13;2;Hamburg;Gold;Pool B;4
Capital Cup 2015;MXO;New Orleans Fluffy Dragons;7;Hester;Kannamuller;F;2;New Orleans Fluffy Dragons;13;2;Hamburg;Gold;Pool B;4
Capital Cup 2015;MXO;New Orleans Fluffy Dragons;10;Vincent;Westerhof;M;1;New Orleans Fluffy Dragons;13;2;Hamburg;Gold;Pool B;4
Capital Cup 2015;MXO;New Orleans Fluffy Dragons;3;Jon;MacDonald;M;2;New Orleans Fluffy Dragons;5;3;Berlin;Gold;¼;2
Capital Cup 2015;MXO;New Orleans Fluffy Dragons;19;Caro;Nota;F;1;New Orleans Fluffy Dragons;5;3;Berlin;Gold;¼;2
Capital Cup 2015;MXO;New Orleans Fluffy Dragons;8;Adrian;Williams;M;2;New Orleans Fluffy Dragons;8;1;Strasbourg;Gold;Semifinal;2
Capital Cup 2015;MXO;New Orleans Fluffy Dragons;10;Vincent;Westerhof;M;1;New Orleans Fluffy Dragons;8;1;Strasbourg;Gold;Semifinal;2
Capital Cup 2015;MXO;New Orleans Fluffy Dragons;11;Hester;Williams;F;1;New Orleans Fluffy Dragons;8;1;Strasbourg;Gold;Semifinal;2
Capital Cup 2015;MXO;New Orleans Fluffy Dragons;2;Eden;Black;M;1;New Orleans Fluffy Dragons;8;1;Strasbourg;Gold;Semifinal;2
Capital Cup 2015;MXO;New Orleans Fluffy Dragons;9;Yofi;Inja;M;1;New Orleans Fluffy Dragons;8;1;Strasbourg;Gold;Semifinal;2
Capital Cup 2015;MXO;New Orleans Fluffy Dragons;19;Caro;Nota;F;1;New Orleans Fluffy Dragons;8;1;Strasbourg;Gold;Semifinal;2
Capital Cup 2015;MXO;New Orleans Fluffy Dragons;2;Eden;Black;M;1;New Orleans Fluffy Dragons;7;2;JGA;Gold;Final;2
Capital Cup 2015;MXO;New Orleans Fluffy Dragons;19;Caro;Nota;F;1;New Orleans Fluffy Dragons;7;2;JGA;Gold;Final;2
Capital Cup 2015;MXO;New Orleans Fluffy Dragons;8;Adrian;Williams;M;3;New Orleans Fluffy Dragons;7;2;JGA;Gold;Final;2
Capital Cup 2015;MXO;New Orleans Fluffy Dragons;13;Paul;Black;M;2;New Orleans Fluffy Dragons;7;2;JGA;Gold;Final;2
;;;;;;;;;;;;;;
;;;;;;;;;;;;;;
;;;;;;;;;;;;;;
Capital Cup 2015;MXO;Colonia;9;Henning;Brammer;M;2;Colonia;4;5;New Orleans Fluffy Dragons;Gold;Pool B;4
Capital Cup 2015;MXO;Colonia;4;Lena;Dietz;F;1;Colonia;4;5;New Orleans Fluffy Dragons;Gold;Pool B;4
Capital Cup 2015;MXO;Colonia;11;Pia;Kotzur;F;1;Colonia;4;5;New Orleans Fluffy Dragons;Gold;Pool B;4
Capital Cup 2015;MXO;Colonia;28;Thorben;Pfeil;M;;;;;;;;
Capital Cup 2015;MXO;Colonia;97;Thorben;Stenkamp;M;;;;;;;;
Capital Cup 2015;MXO;Colonia;17;Gregor;Grabski;F;;;;;;;;
Capital Cup 2015;MXO;Colonia;8;Haik;Gregorian;M;;;;;;;;
Capital Cup 2015;MXO;Colonia;32;Russel;Pillay;M;;;;;;;;
Capital Cup 2015;MXO;Colonia;96;Daria;Stenkamp;F;;;;;;;;
Capital Cup 2015;MXO;Colonia;34;Kristina;Müller;F;;;;;;;;
Capital Cup 2015;MXO;Colonia;9;Henning;Brammer;M;2;Colonia;8;2;Hamburg;Gold;Pool B;4
Capital Cup 2015;MXO;Colonia;28;Thorben;Pfeil;M;1;Colonia;8;2;Hamburg;Gold;Pool B;4
Capital Cup 2015;MXO;Colonia;32;Russel;Pillay;M;1;Colonia;8;2;Hamburg;Gold;Pool B;4
Capital Cup 2015;MXO;Colonia;4;Lena;Dietz;F;2;Colonia;8;2;Hamburg;Gold;Pool B;4
Capital Cup 2015;MXO;Colonia;34;Kristina;Müller;F;2;Colonia;8;2;Hamburg;Gold;Pool B;4
Capital Cup 2015;MXO;Colonia;4;Lena;Dietz;F;2;Colonia;4;4;Basel;Gold;Pool B;4
Capital Cup 2015;MXO;Colonia;28;Thorben;Pfeil;M;1;Colonia;4;4;Basel;Gold;Pool B;4
Capital Cup 2015;MXO;Colonia;32;Russel;Pillay;M;1;Colonia;5;7;Frankfurt;Gold;¼;2
Capital Cup 2015;MXO;Colonia;4;Lena;Dietz;F;1;Colonia;5;7;Frankfurt;Gold;¼;2
Capital Cup 2015;MXO;Colonia;9;Henning;Brammer;M;1;Colonia;5;7;Frankfurt;Gold;¼;2
Capital Cup 2015;MXO;Colonia;4;Lena;Dietz;F;1;Colonia;2;5;Munich;Silver;Semifinal;2
Capital Cup 2015;MXO;Colonia;4;Lena;Dietz;F;5;Colonia;7;2;XXX Amsterdam;Silver;Third position;2
Capital Cup 2015;MXO;Colonia;8;Haik;Gregorian;M;1;Colonia;7;2;XXX Amsterdam;Silver;Third position;2
Capital Cup 2015;MXO;Colonia;11;Pial;Kotzur;F;1;Colonia;7;2;XXX Amsterdam;Silver;Third position;2
;;;;;;;;;;;;;;
;;;;;;;;;;;;;;
;;;;;;;;;;;;;;
Capital Cup 2015;MXO;Basel;7;Pete;Ryland;M;1;Basel;4;4;Hamburg;Gold;Pool B;4
Capital Cup 2015;MXO;Basel;9;Ian;Darcy;M;2;Basel;4;4;Hamburg;Gold;Pool B;4
Capital Cup 2015;MXO;Basel;3;Karin;Hägler;F;2;Basel;4;4;Hamburg;Gold;Pool B;4
Capital Cup 2015;MXO;Basel;2;Cindy;Spies;F;;;;;;;;4
Capital Cup 2015;MXO;Basel;4;Keith;Hoek;M;;;;;;;;4
Capital Cup 2015;MXO;Basel;8;Chris;Mellard;M;;;;;;;;4
Capital Cup 2015;MXO;Basel;5;Keisuke;Takiguchi;;;;;;;;;4
Capital Cup 2015;MXO;Basel;12;Dominic;Brook;M;;;;;;;;4
Capital Cup 2015;MXO;Basel;11;Thomas;Hollands;M;;;;;;;;4
Capital Cup 2015;MXO;Basel;1;Alice;Higgings;F;;;;;;;;4
Capital Cup 2015;MXO;Basel;6;Nils;Vösgen;M;;;;;;;;4
Capital Cup 2015;MXO;Basel;8;Chris;Mellard;M;1;Basel;3;10;New Orleans Fluffy Dragons;Gold;Pool B;4
Capital Cup 2015;MXO;Basel;5;Keisuke;Takiguchi;;1;Basel;3;10;New Orleans Fluffy Dragons;Gold;Pool B;4
Capital Cup 2015;MXO;Basel;9;Ian;Darcy;M;1;Basel;3;10;New Orleans Fluffy Dragons;Gold;Pool B;4
Capital Cup 2015;MXO;Basel;11;Thomas;Hollands;M;2;Basel;4;4;Colonia;Gold;Pool B;4
Capital Cup 2015;MXO;Basel;3;Karin;Hägler;F;1;Basel;4;4;Colonia;Gold;Pool B;4
Capital Cup 2015;MXO;Basel;1;Alice;Higgings;F;1;Basel;4;4;Colonia;Gold;Pool B;4
Capital Cup 2015;MXO;Basel;9;Ian;Darcy;M;2;Basel;5;0;Courant d'R;Bronze;¼;2
Capital Cup 2015;MXO;Basel;11;Thomas;Hollands;M;2;Basel;5;0;Courant d'R;Bronze;¼;2
Capital Cup 2015;MXO;Basel;11;Thomas;Hollands;M;1;Basel;1;5;Turtleln Touch Modena;Bronze;Semifinal;2
Capital Cup 2015;MXO;Basel;12;Dominic;Brook;M;1;Basel;3;7;Hamburg;Bronze;Third position;2
Capital Cup 2015;MXO;Basel;6;Nils;Vösgen;M;1;Basel;3;7;Hamburg;Bronze;Third position;2
Capital Cup 2015;MXO;Basel;3;Karin;Hägler;F;1;Basel;3;7;Hamburg;Bronze;Third position;2
;;;;;;;;;;;;;;
;;;;;;;;;;;;;;
;;;;;;;;;;;;;;
;;;;;;;;;;;;;;
;;;;;;;;;;;;;;
Capital Cup 2015;MXO;Hamburg;22;Chris;Tupou;M;1;Hamburg;4;4;Basel;Gold;Pool B;4
Capital Cup 2015;MXO;Hamburg;19;Lena;Schmind;F;1;Hamburg;4;4;Basel;Gold;Pool B;4
Capital Cup 2015;MXO;Hamburg;13;Kia;Lucksmith;M;1;Hamburg;4;4;Basel;Gold;Pool B;4
Capital Cup 2015;MXO;Hamburg;15;Eric;Titi;M;1;Hamburg;4;4;Basel;Gold;Pool B;4
Capital Cup 2015;MXO;Hamburg;21;Vaughan;Brown;M;;;;;;;;
Capital Cup 2015;MXO;Hamburg;12;Ryan;Anderson;M;;;;;;;;
Capital Cup 2015;MXO;Hamburg;14;Natalie;Wess;F;;;;;;;;
Capital Cup 2015;MXO;Hamburg;;Medo;Lemaric;M;;;;;;;;
Capital Cup 2015;MXO;Hamburg;10;Tom;Anslow;M;;;;;;;;
Capital Cup 2015;MXO;Hamburg;;Charlie;Bester;M;;;;;;;;
Capital Cup 2015;MXO;Hamburg;17;Brenda;;F;;;;;;;;
Capital Cup 2015;MXO;Hamburg;20;Connal;Dodd;M;;;;;;;;
Capital Cup 2015;MXO;Hamburg;9;Tom;Ate;M;;;;;;;;
Capital Cup 2015;MXO;Hamburg;11;Grace;Wang;F;;;;;;;;
Capital Cup 2015;MXO;Hamburg;4;Olivier;;M;;;;;;;;
Capital Cup 2015;MXO;Hamburg;15;Eric;Titi;M;1;Hamburg;2;8;Colonia;Gold;Pool B;4
Capital Cup 2015;MXO;Hamburg;14;Natalie;Wess;F;1;Hamburg;2;8;Colonia;Gold;Pool B;4
Capital Cup 2015;MXO;Hamburg;17;Brenda;;F;2;Hamburg;2;13;New Orleans Fluffy Dragons;Gold;Pool B;4
Capital Cup 2015;MXO;Hamburg;15;Eric;Titi;M;1;Hamburg;5;2;Lokomotive Wien;Bronze;¼;2
Capital Cup 2015;MXO;Hamburg;10;Tom;Anslow;M;1;Hamburg;5;2;Lokomotive Wien;Bronze;¼;2
Capital Cup 2015;MXO;Hamburg;17;Brenda;;F;1;Hamburg;5;2;Lokomotive Wien;Bronze;¼;2
Capital Cup 2015;MXO;Hamburg;19;Lena;Schmind;F;2;Hamburg;5;2;Lokomotive Wien;Bronze;¼;2
Capital Cup 2015;MXO;Hamburg;10;Tom;Anslow;M;1;Hamburg;3;4;Dragoni Milano;Bronze;Semifinal;2
Capital Cup 2015;MXO;Hamburg;10;Tom;Anslow;M;1;Hamburg;7;3;Basel;Bronze;Third position;2
Capital Cup 2015;MXO;Hamburg;4;Olivier;;M;1;Hamburg;7;3;Basel;Bronze;Third position;2
Capital Cup 2015;MXO;Hamburg;20;Connal;Dodd;M;1;Hamburg;7;3;Basel;Bronze;Third position;2
Capital Cup 2015;MXO;Hamburg;15;Eric;Titi;M;2;Hamburg;7;3;Basel;Bronze;Third position;2
